本文,Level
体調崩してたんだってね。もう平気？,3
今日は温かくて過ごしやすいね。,3
行ってらっしゃい。気を付けてね。,3
みんな揃って出かけるの？,3
今日は早いね、散歩に行くの？,3
おはよう、今日もいい天気だね。,3
おはよう、朝早くから頑張ってるね。,3
こんにちは、暑いね。今日は蒸してるね。,3
こんばんは、寒いね。結構冷えるね。,3
天気よくないね。はっきりしない天気だね。,3
こんにちは、暑いね。今日は蒸すね。,3
寒いね、今日はやけに冷えるね。,3
久しぶりに、湿ってるね。,3
良い天気だね。やっと布団が干せる。,3
結構、日が長くなったね。,3
日が短くなったね、まだ五時前なのに、薄暗いね。,3
ナイスアイディアだね。,3
その通りだと思うよ。,3
そうだね、その通り。,3
課長の思った通り。,3
それは正しい判断だよ。,3
その通り。,3
そうそうその通り。,3
そうだね、そう思う。,3
なるほど、そんな見方もあるね。,3
それでいーね。,3
異議がなかったら、採決とるね。,3
三分の二の賛成が欲しい。,3
賛成だよ。,3
賛成してくれてありがとう。,3
同意してくれてありがとう。,3
あなたがこの作品で特に考えたのはどんなところ？,3
奥さんは賢いけど、自分で決める事ができないね。,3
バラの花束に詩を添えてよく思いついたね。,3
グループ分けには、結構悩んだよね。,3
この新製品、すごく考えたね。,3
曇らないフロントガラスを、考えたんだね。,3
社長が、ナノ・ウォーターを考えたの？,3
宇宙戦争が舞台とは、すごくスケールが大きいね。,3
映画での町興しを考えたのは、先生なんだって。,3
それはすごいところに目を付けたね。,3
人の気付かないところに目を向けるのはさすがだね。,3
この一局は、勝負所がすごいね。,3
そんな斬新な事を考えるのは、君しかいないね。,3
君はいつもユニークな考えを持ってるからビックリするよ。,3
土に溶ける新物質を発明したんだってね。,3
近いうちに、また会おうね。,3
よければ、今日会える？,3
また会えるのを楽しみにしてるね。,3
また、いつでも会えるよ。,3
息子に会える日が待ち遠しいね。,3
ずっと見てないね。,3
明日、あいさつに行くね。気楽に会おう。,3
じゃ、会長から挨拶するね。,3
先生に挨拶した？,3
あの人が会釈してるけど、知ってる人？,3
今君にお辞儀をした人は、誰？,3
十年ぶりに会ったの？,3
三社祭りでばったり会ったの？,3
今回初めて会ったの？,3
十年越しの宿敵と会ってどうだった？,3
初対面だね。,3
どーも、西方です。,3
会えて嬉しいよ。,3
先生には、前会ったよ。,3
いつも、電話ばかりでごめんね。,3
噂は前から聞いてたよ。,3
遅れたけど、叔父の坂本だ。,3
挨拶が遅れてごめんね。,3
名刺ある？,3
珍しい名前だね、なんて読むの？,3
これからよろしくね。,3
これから仲良くしてね。,3
これからも仲良くやっていこうね。,3
この縁をよろしくね。,3
やっと大使に会えた。,3
実は、君に会って欲しい人がいる。,3
2人が会うのは初めて？,3
婿さんの手伝いしようか？,3
君のおかげで会う事ができたよ。,3
前に話した館長に会わせてあげるよ。,3
まわしていいよ。いっぱいまわしていーよ。,3
お見合いも二十回目だと、退屈でしょ？,3
よく写ってるからお見合い写真にどう？,3
私は前に紹介してもらった西方だ。,3
それだったら、詳しい人を教えてあげる。,3
人を紹介する時は、考えてからの方がいいよ。,3
嬉しい、1回会いたいと思っていたんだ。,3
近いうちに、会いたいと思っている。,3
奥方様に会いたい。,3
今度、奥さんの顔を見せて。,3
まあ、ぽっちゃりして可愛い赤ちゃんだね。,3
お食い初めに、お父さんを呼んでみたらどうかな？,3
出産祝いに、おくるみを贈るね。,3
何事もなく、お七夜を迎えられた。,3
赤ちゃんが、おしゃぶりを落としたよ。,3
まあ、玉のような赤ちゃんだね。,3
三人も産んでるから、赤ちゃんのあやし方が上手だね。,3
お産が軽く済んで、よかったね。,3
娘さん、おめでただそうだね。,3
安産だったそうで、良かったね。,3
出産おめでとう。初めての子どもだそうだね。,3
予定日より、かなり早く出産したんだって？,3
奥さんのお産に立ち会って、どうだった？,3
もしかして、妊娠しているんじゃない？,3
念願のこどもを宿したんだね。,3
たまには羽目をはずして、遊ぶことも必要だと思う。,3
社長は応接室で、一局囲んでいるよ。,3
旦那様は小猫と戯れているよ。,3
部長、一局手合わせ願えるかな？,3
先輩、お手柔らかにお願いするね。,3
総長の道楽にも困ってるよ。,3
あなたの番だよ、カードをめくってね。,3
先輩、一手ご指南、お願い。,3
一勝一敗、これで相子にしよう。,3
私はお医者さんごっこは、しなかったよ。,3
お馬には、いつも遊ばれてるよ。,3
いいかげんに、お茶屋の遊びをやめたらどうかな。,3
おばあちゃんは、お手玉が上手なんだよ。,3
かるたでは、お手付きはだめだよ。,3
姉たちのおはじきのじゃまをして、よく怒られたよ。,3
まあ、シャツが絞れるほど、汗をかいてるよ。,3
ずいぶん、汗をかくんだね。体質かな？,3
暑いよ。一雨ほしいね。今日も暑い。,3
暑いね。こっちで涼むといいよ。,3
先生は、庭の東屋で涼むのが好きだったよ。,3
寒い夜は、湯たんぽで温もるのが一番だよ。,3
今日は冷えるから、温泉でゆっくり温まるといいよ。,3
南極で越冬するの、それは大変な仕事だね。,3
今日は寒いから、カイロを入れたらどうかな？,3
冬のラグビー観戦には、膝におくるみになる物を忘れないで。,3
寒くない？寒いね。雪になりそうだね。,3
濡れるから、傘を持って行って。,3
雨に濡れて、冷えたんじゃない？,3
おこたに入って、みかんでも食べよう。,3
火鉢を跨ぐなんて、行儀が悪いよ。,3
一族が一堂に会するのは、久々だね。,3
次の集まりの時に、細かい部分を知らせるね。,3
皆、あっちで集まってるよ。,3
皆、揃ったかな？揃うまで待っていよう。,3
シャンソンが好きな人たちが、集うそうだよ。,3
記念日には、創業時のメンバーが集う予定だよ。,3
グループの結成十周年と聞いたよ。早いね。,3
また新たにチームを結成するの？それは楽しみだね。,3
新人歓迎会に、どうぞ参集してね。,3
集合の時間を忘れないようにお願いね。,3
八重洲口の銀の鈴に集合してね。,3
次の集まりからは、料理は持ちよりにしよう。,3
必要なメンバーは、私が集めよう。,3
これだけのワインを揃えるのは、大変だったね。,3
連句の仲間を、募っているの？,3
ここはひとつ、あなたが頭を下げた方がいいのではないか？,3
先日のことは、彼女に謝ったの？,3
どうか、見逃して。ほんの出来心らしいので。,3
この件は、どうぞお目こぼしをよろしく。,3
例の件、許してもらえるかな？,3
この度のこと、どうぞ許してね。,3
お詫びの言いようもないよ。,3
失礼があったら、謝るよ。,3
例の件、広い心でお願いね。,3
寛大な処置を、お願いね。,3
二度としないので、許してね。,3
理事長の寛容な処置には、尊敬したよ。,3
無礼は承知できたよ。許してね。,3
気がつかなくて、ごめんね。,3
どうぞ許してね。お願い。,3
この度は、本当にごめんね。,3
この度の失態は、本当にごめん。,3
とんでもない失態をして、言葉もないよ。,3
聞き苦しいところを聞かせてしまって、ごめんね。,3
私の言葉が気に障ったならごめんね。,3
とんでもないお粗末をしてしまったね。,3
見苦しい所を見せてしまったね。,3
どうか、見捨てないようお願いね。,3
耳障りだと思うけど、しばらくの間、辛抱してね。,3
片付けようか。目障りではないかな？,3
つまらぬ事で騒がして、ごめんね。,3
至らなかったようで、ごめんね。,3
気が利かなくて、本当にごめんね。,3
うっかりしていて、気がつかなくてごめんね。,3
行き届かなくて、どうしてよいかわからずごめんね。,3
この度は、大変迷惑を掛けちゃってごめんね。,3
三十分も遅れちゃって、悪かったね。,3
せっかくだけど、私は飲めない。ごめんね。,3
この度は、面倒をかけたね。,3
失礼。ごめんね、前を通らせてもらうね。,3
国際文化祭の「連句」に応募してね。,3
応募した論文が入賞したらしいね。,3
特許出願の手続きは、もう済んだ？,3
画期的な発明だね、特許を出願した方がいいよ。,3
今回出展する絵は、何号なの？,3
今回は出品してくれてありがとう。,3
公募展に出品したら？,3
久々の出展、楽しみにしてるよ。,3
投稿した句が、今朝の新聞に載ってたね。,3
この際、巡り合わせと思って表彰を受けたら？,3
受賞記念パーティーには出席するよ。,3
執念だね、とうとう賞を受賞するとは。,3
念願の入選、おめでとう。,3
入選したのは、今度で何回目だっけ？,3
国体のスキーで、入賞したことがあるらしいね。,3
気詰まりだけど、もうちょっと辛抱してね。,3
義理チョコでも、嬉しいよね。,3
ここはひとつ、堪えてくれ、私に免じて。,3
旦那さんの回復を願って、好きなコーヒーをやめたの？,3
指示のあるまで、連絡はしないでおくね。,3
アルコールはしばらく、控えた方がいいよ。,3
夜のお付き合いを、少し減らしてね。,3
数値がもう少し下がるまで、お酒は我慢したら？,3
義理でも兄弟なんでしょ、気兼ねすることないじゃん。,3
もう一、二年辛抱してね。,3
もう少し辛抱したら？,3
どういう理由で自粛してるの？,3
腹が立ってるだろうけど、ここは抑えてね。,3
似合うやつを、私が選ぼうか？,3
あなたの好きな支払い方法を選んでね。,3
いい人を選んだね。,3
君の見立てなら間違いないはず。,3
プレゼント？良さそうなのを見立てようか？,3
さすがにいい目してるね、見直したよ。,3
チェックは、もう済んだ？,3
よく考えてからの方がいいと思うよ。,3
そりや、選り好みするのは君の自由だけど。,3
君の選択は間違いないよ。,3
最強メンバーを選んだんだね、監督！,3
応募作品を選考してね,3
りんごは、糖度で選別するそうだね。,3
どっちも捨てがたい、迷うに決まってるよ。,3
いい男が揃ったから、目移りするのも無理ないね。,3
ごめん、煙草は吸わないでね。,3
遠慮しないで、自分で決めてね。,3
明日は、午後一時に来社して、とのこと。,3
お客さんを応接間に、通したよ。,3
いま、代わるよ、ちょっと待ってて。,3
小説家の先生が、来たよ。,3
応接間に連れてくね。はいこっち…。,3
あの人は誰にでも穏やかに対応するんだね。,3
会社の成長の秘密は、どこにあるの？,3
そっちの担当に、伝えてくれる？,3
おたくは、繁盛してるね。,3
うちに限って、そんな偽装はない。,3
石の上にも三年、うちもやっと軌道に乗ったよ。,3
うちの会社が社運を賭けた新製品を発表するよ。,3
もうすぐ、係りの人が来るよ。,3
担当の人が来るよ。,3
お客さんが来たよ。,3
お客さんの名前は？,3
今日は、約束なの？,3
なんで来たの？,3
急用なの？,3
用件は何？,3
ここに来たのは、何か用があってなの？,3
私でいいならやるよ。,3
わかった。ちょっと待ってて。,3
面会はこっちで受け付けてるよ。,3
私に何でも言ってね。,3
要るものがあったら、言ってね。,3
取材旅行には、ワゴン車が要るみたいだね。,3
足りないものは、ない？,3
用事が済むまで、ここで待ってるね。,3
使ってくれて、ありがとう。,3
竣工式には必ずお祝いに行くよ。,3
お祝い返しの品を選びに行ってきた。,3
お父さんの88歳のお祝いだから、全然いいんだよ。,3
ほんとにおめでとう。,3
それじゃあ、友達から、お祝いの言葉を言ってこうか。,3
相手の顔を思い浮かべながら、お祝いの品を選ぶのは楽しいね。,3
すぐに、お祝いの会を開こう。,3
プレゼント持ってきたよ。,3
誕生祝いに、ベビーシューズ二足ってナイスだね。,3
それじゃあ、会長からお祝いのメッセージをもらおう。,3
ご祝儀は、短い方が喜ぶよ。,3
ご祝儀袋は、中身と同等のでいいんじゃない？,3
当選パーティーは、めっちゃ賑やかだったね。,3
そっちでは、お祝いの行事が続いてるんだってね。,3
おめでとう！二人の幸せを陰ながら祈ってるよ。,3
幸多きサッカー人生を歩んでね。,3
子供産まれるのにプラスして、昇進もあって最高になったね。,3
とっても嬉しいです。,3
お店がどんどん繁盛しますように。,3
それは良かった、ラッキーだったね。,3
ごめんね,3
違っていたみたいでごめん,3
私が間違ってたから、ごめんね,3
出来が悪くて落選したわ,3
私のために許して,3
私がまずかったみたいで、こんなことになってごめん,3
部屋の家具を全部とっかえたんだ,3
その方針はやめておきなよ,3
息子さん帰省したんだね今朝港で見たよ,3
先生があいさつに来たよ,3
浅草では荷風先生をよく見たよ,3
表通りに開店したフレンチの店、評判はいい？,3
先生は市民の食習慣を改善した,3
病気予防のためにも、食生活を改善しなさい,3
この製品を改良するのは何年ぶり？,3
許可証の更新ははやくしなさい,3
車の免許を更新する頃じゃない？,3
今後、態度を改めてもらいたいと思う,3
総理、いつ内閣改造するの？,3
いよいよ、政治の世界に転身するらしいね,3
思った通り来たね,3
春の園遊会にいたね,3
両行してたのかな？暫く見なかったわね,3
師匠は人見知りなんだよ,3
よくそんなところへ行ったね,3
これはこれは珍しい人だね,3
待って、もっとゆっくり歩けよ,3
驚いた、二駅も歩くの,3
パジャマであちこち歩き回るなんて,3
着てるものを汚さないように気を付けて進みなさい,3
初めてパリの町を闊歩して、どんな気分？,3
老師は山寺で好きなように散策を楽しんでるよ。,3
コスモス畑の散策もいいんじゃない。,3
お客様、散歩は海辺がいいよ。,3
犬と一緒に散歩するのが院長先生の日課だ,3
毎週同一路線往復の人は割引があるらしいよ,3
英会話教室に通ってるの,3
あの店によく行くのは何のためなの,3
今日はどこに行くつもり？,3
日の用心で町内をぐるっと？,3
大丈夫だから安心して,3
就職が決まって、両親も喜んだだろう,3
もう大丈夫、峠は越えたから安心して,3
娘さんが結婚してほっとしたんじゃない？,3
仕事が一段落して、ほっとするね,3
息子さんの帰国で安心だね,3
ご主人が戻られてやれやれだね,3
こころを安らかにね,3
ご隠居はゆったりと寝ているよ,3
ご子息の勤務先が決まって安心だね,3
ケガも軽くて、良かったね,3
大事にならなくて、校長もほっとしてる,3
坊ちゃんが店を継がれれば安泰だね,3
こんな時代でも、御社は心配なしだね。,3
肝機能の数値もいい、このまま安定するといいな,3
不満があるなら言ってくれればいい,3
僧正は、今の場所でがんばるのが一所懸命だと言った,3
そんなこと急に言い出してなんなんだ？,3
お客様が怒るのは仕方ない,3
温厚な人が怒るのはそれなりのことがあるね,3
あなたの言葉も納得出来ます。,3
まあなんて生意気、もう1度反省!,3
私には、似つかわしくない。,3
皇后様は、避難している人に対し温かい言葉をくれた。,3
ご自分の気持ちをそのまま伝えたね。,3
ここは、ご自分の意見を正確に伝えるべき。,3
あなたの考えは私も驚いた。,3
本当に言いにくいけど、今年の選挙は残念。,3
私達からのお礼ね。,3
はっきりとは言いづらいけど、お会計して。,3
残業代の話を述べたのは、店長だよ。,3
お役所仕事に言いたい意見が集まっている。,3
大きい家が出来たね。,3
大きいお住まいだね、庭も広々としていて。,3
雨が降ったので車に入らないか、自宅まで送るよ。,3
自宅はこの付近?,3
これは、ご邸宅とも呼べるほどいい建築だ。,3
まるで都市の中心になる住まい。,3
近くに見える場合は、私の家まで来て。,3
ときには私の自宅まで来て。手紙文,3
お宅には孫も住んでる?,3
突然の転勤で、住まいも変更した?,3
お姑と一緒に住んでるのか…,3
部長は、息子の親と同居しているみたい。,3
今のお部屋の狭さが気になっているのだね。,3
これだけお庭が大きいと、掃除に時間がかかるかな。,3
こんなに立派な門は今は珍しい・,3
寒いときの家事は大変だね。,3
三河屋さん、裏玄関でお願い。,3
お釜の食事は本当に美味しい。,3
子供の頃は、かまどで温まりながら漫画を読んだ。,3
彼の実家のお蔵には、貴重品が眠っているらしい。,3
表玄関に誰か待っているようだよ。,3
お客様を客室に呼んで。,3
風通しよくするために、障子は開けよう。,3
台所は片づけまでしておかないといけないよ。,3
お孫さんは家族の人気者だね。,3
網戸を自宅にもつけたいわ。,3
子供のとき、お仏間を恐れていた。,3
心が安定するような広いお仏間だね。,3
花火を見る際はお二階がいいよ。,3
お廊下は静かに歩こう。,3
女性の建築家が、大きくて広い家を建てたのですか?,3
立派な木造建築を、皆さんに見せたいわ。,3
本店は改装ですね、不況に負けないところがすごい。,3
自宅を新装したそうだね。,3
お店を改装するそうだね、よく心に決めた。,3
築百年の母屋を取り壊すの、もったいない。,3
お風呂の修理を引き受けたよ。,3
地震で斜めになった家を建て直すのは大変だね。,3
都心にお住まいを決めたのはすごい!,3
ご新築のお酒がどう?,3
立派な建築物は全て檜で作られたものだね?,3
もうじき屋根の修理が必要だね。,3
今日は新居のご確認?,3
下見するなら雨降りのときがいいね。,3
怒る気分になる気持ちも理解出来るよ。,3
一時間かかったのでお怒りになることもあると思う。,3
社長はお怒りになっていることを、分かってほしい。,3
お客様が気分を悪くしている気持ちも理解出来る。,3
普段優しい人が怒るのはよほど何か気に障ったのだと思う。,3
この件に、これ以上関わらないほうがいい。,3
あの事件には、弁護士としてかかわったの？,3
構わなくていいよ。,3
まったく、おせっかいなんだから。,3
とりなしてくれないかな。,3
これ以上介入するのはどうかな。,3
あの件に介入するの？,3
二人はどんな関係なの？？,3
例の件に、まだ関わっているの？,3
もう、干渉しないで！,3
そこまで干渉するべきではない。,3
あの人が疑獄事件に関わっていたとはびっくり。,3
この度は、仲裁してくれてありがとう。,3
犬猿の間柄を仲裁するのはたいへんだね。,3
研究に携わって二十年か。苦労があったろうね。,3
今度、埋め合わせてくれるんだよね？,3
ここは諦めず、交渉を重ねたほうがいいんじゃない・・・,3
海外進出より、足元を固めることが先だろう。,3
今度の入札、何とか口添えしてもらえないかな。,3
若い連中を束ねるのは大変だろう。,3
その場を何とか取り繕ったんだね？,3
よろしく計らってくれるように頼むね。,3
便宜を計らってくれたんだね。,3
ついに提携が本決まり。気長に交渉した成果だね。,3
その折衝にはかなり時間がかかりそうだね。,3
相手が相手だけに、折衝するのはたいへんだね。,3
家を探してるなら、仲介してやろうか？,3
縁談を仲介するのが趣味なのかい？,3
ドイツでオペラを観るために、予定を調整したんだね。,3
いくら確信があっても事前に根回ししなくっちゃ。,3
弥勒菩薩の前で足を止めていたね。,3
うれしいな、気に留めてくれたとは・・・。,3
いつも気にしてくれてありがとう。,3
少数意見も取り上げるから、部長は好かれるのさ。,3
あの作品が、気になったようだね。,3
有機農業に関心があるんだね。,3
娘さんは何に関心があるのかな？,3
物事に幅広く関心を持つのはいいことだよ。,3
彼に会って、感触はどう？,3
新曲の感想を、聞かせてくれない？,3
考古学に興味があるなんて、ロマンチックだね。,3
言葉遣いが悪いと、相手の心証を悪くするよ。,3
次の試合に注目してね。,3
監督が今注目しているのは、どの選手？,3
首相はこの事態を重視するはずだけどね。,3
社長じきじきに声をかけてもらったんだから、この仕事はやるべきだ。,3
まだまだ若い彼を取り立てるの？,3
いつも引き立ててくれて、ありがとう。,3
まだ若いけど、よろしくね。,3
会長の覚え目出度い君ならいいことがあるよ。,3
先生に認められてるかどうか、心配だ。,3
あのピンチに新人を起用するなんて、思い切った采配だったね。,3
いつも目をかけてくれてありがとう。,3
こんなに厚遇してくれて、まごついちゃうよ。,3
いつも贔屓にしてくれてありがとう。,3
贔屓にしてるのは、どのお相撲さん？,3
社長はやっぱりイエスマンの彼を登用したね。,3
彼を宴会部長に抜擢したのは正解だよ。,3
部長は学校の後輩ばっかり優遇するよ！,3
仕事よりデートを優先するの？？,3
確かに預かるよ、荷物はこっちで預かる。,3
この書類、あなたに届けておくわ。,3
荷物を預けるんなら、こっちへ。,3
申込書も封筒に入れておいた。,3
貴重品は金庫の中に入れてね。,3
降ってきたね。傘を貸してあげよう。,3
倉庫を貸してるの？,3
それでは、傘を借りるね。,3
ここは奮発して、広い部屋を借りたらどう？,3
新社長の年頭のあいさつを、みんなに配ります。,3
大入り袋を配ったの？,3
申込書は窓口に出してね。,3
遺産は三人の兄妹で分けるの？,3
先生に渡したいものがあるけど。,3
指輪を渡すなら、タイミングが大事だよ。,3
給料入り次第返すね,3
今年中に何とか、返済してもらいたいんだけど,3
宝くじ当てて、ローンを一括返済したんだって？,3
困ってるんだったら貸すよ,3
金を貸すのは友人をなくすってことだよ,3
それじゃ、ありがたく借してもらうよ,3
借りた資料は明日必ず返すね。,3
あの献金は、返した方が良いのでは？,3
怪我したの。新しい物と交換するね。,3
直したテレビは、その後どう？,3
居間をフローリングに直すの？,3
車は会社に、帰したの？,3
パソコンの修理なら、私らでやるよ。,3
渡した資料は、返さなくていいよ。,3
図書館で借りた本は返したの？,3
昨日の資料、速達で返して。,3
返送する時は、こわれ物のシールを貼ってね,3
返信は、い週間以内にお願いね。,3
色が違うなら返品した方が良いよ。,3
記念の年だし、優勝旗は返す必要ないよ。,3
お帰り、待ってたよ・,3
お客は、さっき帰ったよ。,3
何年ぶりに日本へ帰るの？,3
お孫さんを連れてのお里帰り、親御さんも喜ぶでしょう。,3
部長、戻った？,3
部長、何時頃戻るって？,3
午前の便ね、空港まで迎えに行くよ。,3
久々に帰省出来て、家族も喜んだでしょう。,3
旦那は帰った？,3
社長が帰るのは、かなり遅くなりそう。,3
先生はアフガンから無事に帰ってきたよ。,3
久しぶりに帰るし、後援会のみんなも楽しみにしてるでしょ。,3
博士が帰ってくるの、みんな首を長くして待ってるよ。,3
帰朝報告会には、絶対行くよ。,3
また昨日も午前様だったの、いけませんねぇ。,3
私が代わりにお礼状書こうか？,3
あの夏の日のことは絶対書いてね。,3
半世紀の体験をもとに、自叙伝を書いたんだね。,3
源氏物語を現代語に訳したんだ？,3
先生が加筆すると、不思議と論文が生き生きとするよね。,3
新しい雑誌にも、きっと寄稿してね。楽しみにしてる,3
書類にそんな記述があったんだ？,3
この書類に、必要事項を書いてちょうだい。,3
先生、明日の朝までに見といて。,3
水の流れるような口述には、ほとほと感心しました。,3
ついに、長編小説を執筆するんだね。,3
執筆するのは夜ですか、昼間ですか？,3
明日の朝までに、見直しておいて。,3
届け先の住所と電話番号、書いといて,3
それじゃ、一週間後に原稿とりにくるね,3
ささっと原稿上げてくれてありがとね,3
その発想はなかったわ,3
引揚げ体験のご手記、とっても感動した。,3
あなたの指摘には感心したよ。よく書いてくれた。,3
書いた本、読んだよ,3
自叙伝の刊行、おめでとう。,3
いよいよ念願のご出版だね。,3
あなたの新聞、買って読みたいから一部買わせて,3
あなたの信条はどこにあるの？,3
インターネット全盛で、私らも苦戦してる,3
私の本を読んでくれたの。ありがとう,3
私の文を読んでくれて、ありがとう。,3
私の雑誌にも書いてもらえないかな？,3
私らの論調をどう思う？／私らの会長は個性的だから・・・。,3
そんな疑いはむちゃくちゃだ。／その疑いはおかしいでしょ。,3
何を根拠に、私を疑っているの？,3
納得がいかないのか、あの人、何度も首を傾げていましたよ。,3
不信な点があれば、いってね。,3
不明の点があったら、説明するよ。,3
疑いが晴れた？疑問があれば何でも言ってね,3
八百円のお返しです。確認してね,3
住所を確認するので、ちょっと待ってて。,3
注文の品はこれで全部かな？確認してね,3
送ったファックスの内容を、確認してね,3
いま、確認するあら、ちょっと待ってて,3
買おうとしてる品、もう一度確認する？,3
どうしても、納得できない？,3
そんな説明じゃ、お客が納得するわけない。,3
お客さん、探しているのは、これかな？,3
いいものがわかりますね。これは、特別製なんだよ。,3
お買い上げは、この八点でいいかな？,3
ご希望の品は、人気があって、今は品切れなんだよ。,3
お世話になったあの人に、お歳暮を贈るんだ。,3
今年、お中元、何にしよう？,3
お客さん、これ、おくりもの？自分の？,3
これ、誰かに送る？持って帰る？,3
これ、贈り物でとても人気があるよ。,3
これ、うちのオススメ。,3
お買い得品をあちこち探すのって、けっこう大変。,3
引換券、ある？,3
これ、優待券。使って。,3
創業100年のうちの店の羊羹。,3
醤油に宮内庁ご用達ってあるんだ。,3
注文、決まった？,3
何か探してる？,3
ちょっと待ってね、探してくるね。,3
このお祝いの品、桐箱にいれようか？,3
持って、見てみていいよ。,3
じゃあ、とっておく？,3
この本は、取り寄せになるんだけど、どうする？,3
打ち立て、茹でたてをお願い。,3
お持ち帰り？ドライアイスは1時間分でいい？,3
何か冷たいものいる？,3
お客さん、持って帰る？送る？,3
お茶碗探しているの？珍しい白天目があるけれど、見てみる？,3
注文はこれで全部？,3
今日は何にする？,3
新型モデルを発注したんだ。楽しみだね。,3
このコロッケ、一個いくら？,3
値段きいて、びっくり。どこにも負けないぐらいすごく高い。,3
さすが、イタリア製。高いね。,3
これ、材料が貴重だから、ちょっと高いの。,3
けっこう高いけれど、いい品だよ。,3
この花瓶、買いですよ。,3
いい物は長持ちするから、結局、得だよ。,3
これ、今日のお買い得。,3
これ、お手頃価格だよ。,3
この洗剤、徳用。,3
これ、お買い得。,3
今日買うと、ポイント三倍です。,3
サービス期間中だから、一割引きだよ。,3
おまけがもらえるって聞いたら、つい買っちゃう。,3
奥さん、今日は安くしとくよ。,3
働いているの？学生かとおもった。,3
あの先生、生徒に人気あるんだよ。,3
下校の時には、家の人が見守ってください。,3
そっちの学校、国公立大学進学率、すごいね。,3
うちの学校。小中一貫教育なんだ。,3
物理の担当？,3
おうちの人たち、学芸会を見にきて。,3
参観する人は、ここで上履きに替えて。,3
先生の出題テーマ、「環境」だって。,3
入社試験の問題、近代史から出したの？,3
あの先生の授業、今日で最後。,3
帰国子女クラスの担任？面白そうだね。,3
小学校一年生の担任って大変そうだね。,3
創立記念日に来てくれて、感激！,3
ノーベル賞受賞の先生が来るの、これで２回目です。,3
失敗したからって、そんな、がっかりするなって。,3
何を、ちぢこまっちゃって！胸を張って！,3
お母さんは、息子さんの不祥事にしょんぼりしてた。,3
ずいぶんがっかりしているね。元気出して！,3
そんなしょんぼりしないでね。,3
大会に出られなくなっちゃったから、監督はとてもがっかりしている。,3
そんながっかりしないで！,3
チャンスを逃して、がっかりするのは、わかるよ。,3
がっかりしたんだよね。わかる。,3
若いんだから、がっかりしないの。,3
どうしたの？なんかがっかりしてる？,3
棟梁は、台風で五重塔がこわれちゃって、がっかりしているみたい。,3
明けない夜はないんだってよ。そんな、がっかりしないで。,3
元気出して。,3
就職試験に落ちたって、がっかりすることないって。,3
試験の日は大雪で大変だったよ。,3
あなたの子ども、受験はどうする？,3
びっくりした、お嬢さん、十校も受験したのね。,3
志望校に合格してよかった、おめでとう。,3
春からもう幼稚園に入園か。おめでとう。あっという間だね。,3
入学の記念撮影は、うちの店でやってあげるよ。,3
長男くんは国立大学の医学部に入学するんだね。,3
遠距離の通学は大変だったね。,3
満員のメトロを乗り継いで通学したんだってね。,3
坊ちゃん、元気に登校している？,3
お父さんと同じ学校に進学するの？,3
工学部に進学するんだ、将来が楽しみだね。,3
卒業おめでとう。就職は都庁だって？,3
やっと卒業か、感無量だね。,3
おじさん、麻雀ばっかりやって落第しちゃったって聞いた。,3
美味しかったよ。会計をよろしく。,3
会計してください。,3
お勘定、頼むよ。,3
こちらは既に代金をもらっているよ。,3
代金は先にいただいているよ。,3
お釣りは六千円です。確かめてね。,3
これ、お釣りだよ。,3
細かいの持ってない？,3
とりあえず、立て替えといたよ。,3
課長が立て替えてくれたの？,3
生憎、その日はお金を持っていなかったらしいんだ。,3
それじゃ、先日の打ち合わせの通りに請求してね。,3
先日の件なんだけど、請求してもいい？,3
期限はとっくに過ぎているから、請求した方がいいよね。,3
領収証の宛先は、上様でよろしく。,3
お金では買えないものもあるんだよ。,3
お足、とはよく言ったものだね。逃げ足がとても早い。,3
手の切れるようなお札を釣銭にしてる店は、いい気分になるね。,3
このところ儲けがなくてね。お金がほしいよ。,3
お宝は大事に使わなくちゃだね。,3
君って意外とお金持ちだったんだね、失礼。,3
私とは違って、こっちはお金持ちだから。,3
指折りの旧家だけあるから、身分は相当らしいよ。,3
棟梁は稼ぐことがとても下手な人なんだ。,3
そんなにしゃかりきに稼いで、どうするつもりだい？,3
せっせと稼いでいるそうじゃないか。,3
代々築いた財産を、君が、一夜でなくしてしまう気なのか？,3
そんな大金、どうやって用意するつもりなんだ？,3
僧正は山門の建設資金をとうとう調達したよ。,3
どこから資金をかき集めたんだ？,3
そりゃ君、論戦を挑まれるべきだろう。,3
そんなに続けて勝っちゃうと、あとが怖いよ。,3
チャンピオンを倒したんだって？,3
君は相手の弱点を突くのが上手い。,3
手の内を相手に読まれたら負けだ。,3
駒落ちではあるが、名人から勝つなんてすごいね！,3
強敵に勝ったんだね、お見事！,3
兄弟で戦うのはいいことだと思うよ。,3
そんな弱腰で競争するつもりかい？,3
相手は強そうだけど、勝てる？,3
二人の対決、見るのを楽しみにしているよ。,3
博士、それは知らない世界へ挑戦するということだね。,3
大食い選手権に挑戦するって本当？,3
ライバルチームが連続優勝するのを阻んだんだって、おめでとう。,3
技能オリンピックで優勝したことがあるんだって？,3
深川のお不動さんで、車のおはらいをしてもらった。,3
浅草寺で厄払いをしたの？,3
最近、悪いことが続くね。,3
正月は成田山へ必ずお参りしているよ。,3
受験の前に、天神様にお参りしておきなさい。,3
一生に一度くらいは、お伊勢参りしたいよ。,3
お寺参りも久しぶりだ。,3
私がお百度参りをしたのはどうしてだか分ってるの？,3
お孫さんのお宮参りなの？,3
天神様へ合格のお礼参りに行きなさい。,3
東照宮への参詣は初めてなの？,3
参詣する人は、こちらに並びなさい。,3
お御籤に「大凶」ってあるのかな。,3
明日は祝日だから、参道をお清めするように。,3
お参りの前には、御手洗いを忘れないように。,3
笑顔が見られてうれしいよ。,3
毎度！三河屋やで。,3
私がこうしていられるのも先生のおかげだよ。,3
おかげで、今回はずいぶん助かった。,3
その節はお世話になったね。永らく世話になった。,3
こんなにしてくれて、礼を言うよ。,3
そのうち、お礼に行くからね。,3
旅から戻ったらすぐ礼状をかくらしいね。,3
お礼の品を持ってきたよ。お礼の品選びもたいへんだね。,3
一軒ずつお礼回りをするほうがいい、と言われた。,3
みんなにはしっかりと、お礼をするからね。,3
見舞いをもらって、ありがとうね。,3
こりゃあご丁寧なこと、恐れ入ったよ。,3
また主人が厄介になったね。,3
毎度！贔屓にしてくれてありがとう。,3
もうお終いにしよ。,3
先に手続きを済ませたほうがいいよ。,3
昼ごはん食べた？一緒に食べようか。,3
手続きが済むまで、ここで待つよ。,3
今日で、鉄道人生の幕を閉じるんだね。,3
両家の披露宴はこれで終わり。,3
そろそろお開きにしよう、みんな、お手を拝借。,3
この一件で私の役目を終わるよ。,3
地方巡業は今年でやめるらしいね・・・,3
今日でパソコン上級コース終了。お疲れさん。,3
これで無事、正規のコースを終了した。,3
バンドを解散するって聞いてびっくり。,3
二人のもめごとも、これで決着だね。,3
そんなことは早く決着しなさい。,3
彼のこと、早く清算した方がいいわよ。,3
そんなに言うなら、あんたを信じて、ひとつもらうわ。,3
買ってくれてありがとう。,3
それはいい買い物をしたね。,3
箱でまとめて買ってるらしいね。,3
いつも、週末にまとめて買い物するの？,3
前売り券を買いたい人はこっちに。,3
このお皿はどこで買ったの？,3
いつも当社の製品を購入してくれてありがとう。,3
この百科事典を買うんだったら、分割でもいいよ。,3
特売品のコーナーを、利用してね。,3
非売品だけど、そんなに欲しけりゃ売ってもいいよ。,3
その株、すぐに売った方がいいわよ。,3
この宝石、もっと似合う人に譲りたいんだけど。,3
譲るんだったらコレクターを紹介するよ。,3
お店で販売してるお面ってバリ島のやつ？,3
世間の注目を集める気分は、どう？,3
とうとう、幸せを掴んだね、おおめでとう！,3
運慶の仏像を、偶然手に入れたんだって？,3
浮世絵のコレクションを、また増やしたんだって。,3
今週はボーナスポイント獲得のチャンスだよ。,3
なんか大きな賞金を獲得したって噂だよ。,3
へ～、松茸を三本も、それは収穫だったね。,3
見事なさくらんぼ、そろそろ収穫の時期だね。,3
切手収集か、小さいころから？,3
コインの収集が趣味だって聞いたよ。,3
連勝して、タイトルをほぼ手中にしたね。,3
国宝級の軸を所蔵してるらしいが・・・,3
小型船舶免許を取ったんだって？,3
今年は主な賞を独占したね。,3
西行の貴重な資料を手に入れたんだってね。,3
いいねぇ、元気で。,3
いつも元気だねぇ。,3
元気になって良かった、良かった。,3
両親が元気で良かったね。,3
良かった、元気なんだね。,3
いつも元気で安心だよ。,3
エレベーター使えばいいのに。,3
ステーキを二人前？いつもよく食べるねぇ。,3
元気そうで良かった。,3
今日は休みなんだ。,3
あの件について聞いてる？,3
いつも世話してくれてありがとう。,3
いつも、いろいろありがとう。,3
表題の件を連絡します。,3
新しいプロジェクトの件、一回会って打ち合わせるつもりだから。,3
来週のどこか都合のいい日時を教えて。,3
電話したけど不在だったからメールにしたよ。,3
忙しいと思うけど、今週中に返事をくれると嬉しいな。,3
この件は、後で別メールで知らせるから。,3
新企画に関するファイルを添付するから見て置いて。,3
さっきのメールに添付ファイルをつけ忘れてた。,3
ファイルを添付して再送する。,3
今日、ＸＸ時に送ったメールに不備があったので、悪いけど破棄しておいてくれる,3
悪いけど、さっき書き終わらないのにメールを送ってしまった。,3
送ったと思ったけどまだメール送信されてなかった。,3
受け取ったこのメールを担当者に転送してもいいかな。,3
今週木曜日、25日の3時頃に行っても良い？,3
旬の牡蠣を今送ったよ。,3
約束の品私がきちんと届けるよ。,3
大変だけど、送ってくれる?,3
出産のお祝いを、用意したようだね。,3
こっちに、届け先を書いて。,3
注文の品は、後から送るよ。,3
送付先は、自宅でいい?,3
明日、必ず送るよ。,3
最新のデータを君に転送するよ。,3
申込書は、郵送出来る?,3
展示品は、もう送った?,3
京都から送ったので、受け取ってね。,3
品が届いたら、よく確認してね。,3
クール便で明太子を受け取ったよ。,3
送った資料、今日、受け取ったよ。,3
多くの経験を辿った所長の成績はきっと大きいよ。,3
これからは、教えた通りにするよ。,3
知識豊富なあの人に、何も教えることはないよ。,3
教えてくれたおかげで、五段に合格したよ。,3
二代目の教育係の担当になったよ。,3
自然に囲まれた場所で子供の教育をするのが夢と聞いたが…,3
飲酒運転を防ぐには、もっと人に教える必要があるね。,3
実務的で、とても仕事に役立つ講演だったよ。,3
師範、正しい稽古の方法を知りたい。,3
あの先生の退職記念日の講義は聴いた?,3
先生が倒れた?昨日まで元気に講義をしていたのに。,3
あのね、私の指導お願いね。,3
これからも前と同じように教えて。,3
あの有名な先生にスキーの指導をすることになったよ。,3
あの師匠は、指導がとても上手だよ。,3
とても驚いたと思う。驚かれることに無理もない。,3
ぎくりとしたのは図星だからなのでは?,3
一番弟子の知らせで、師匠がお届くことは無理もない。,3
そんなに緊張しないで、気楽にしてほしい。,3
思わない結果で動揺しているね。,3
急に私が現れて驚いた?,3
そんなに焦ると、身体によくないよ。,3
焦る気持ちも分かるが、ここはじっと我慢だよ。,3
そんなに焦ると、できるものもできないよ。,3
グルメ本をあちこちめくるのはあなたらしくない。,3
茶長が調査に入られ、焦っている。,3
そんなことでおろおろするのは情けない。,3
その慌て方は普通ではない。,3
そんなことで慌てないでほしい。,3
あなたがそんなに混乱するなんて珍しい。,3
例の件だけど、何か聞いてない？,3
今日も、好きなジャズ聞いてるんだね。,3
長いのに聞いてくれてありがとね。,3
反対意見も、少しは聞いてあげたら？,3
つまらんことだよ。聞き流しちゃって。,3
その件は、まだ詳しく聞いてないな。,3
まず部長に、お伺いをたてといた方が良さそうだね。,3
そのことなら、後でゆっくり聞くよ。,3
ありがたい話が聞けて、幸運だったよ。,3
君の考えを聞かせてもらうね。,3
ちょっと耳にはさんだところでは、合併話が進んでるんだって。,3
嬉しいニュースを聞かせてあげるよ。,3
今の気持ちを教えてよ。,3
これだけは奥さんに聞かせておいた方がいいと考えて。,3
会長、ちょっと聞いてよ。,3
忙しいところ悪いね。ちょっとあがらせてもらうね。,3
玄関先でごめんね。,3
急に来ちゃって、ごめんね。,3
挨拶がてら、お礼に来たのよ。,3
近所まで来たから、ちょっと顔出しで。,3
飯時に邪魔して、悪いね。,3
ごめんね、だんないる？,3
それじゃ、遠慮なくよらせてもらうよ。,3
全然気を遣わないでね。すぐ帰るから。,3
勝手にやるから、奥さん、気を遣わないでね。,3
留守のとこ邪魔したね。,3
トイレ貸して。,3
電話借りていい？,3
気使わないでね。すぐ帰るよ。,3
気使わないでね。すぐ帰るから。,3
いらっしゃい。よく来たね。,3
挨拶は後にして、食べて。寒かったでしょ？,3
遠慮なんかしないで、あがれよ。,3
ここにかけて待ってて。,3
待たせて悪いね、早速食べよう。美味しそうだね。,3
むさくるしいとこだけど、あがってよ。,3
立ち話もなんだから、あがらない。,3
散らかってるけど、あがってよ。,3
ようこそ、来てくれたね。,3
あててよ。,3
時間だから、よければ飯でも。,3
足が冷えるから、スリッパ使ってよ。,3
楽にして。楽にしててよ。,3
座ってよ。足崩してよ。,3
ゆっくりしてね。ゆっくりくつろいでよ。,3
おや、もうこんな時間、そろそろ帰るよ。,3
いかんね、ついケツが重くなっちゃって。もう帰らないと。,3
そろそろ、やらないと。それじゃまた。,3
すっかり長居しちゃって、悪いね。,3
先に帰るね。先に帰るね。,3
じゃましたね。,3
長い時間、邪魔したね。,3
見送りはいいからね。,3
お土産までもらっちゃって、今日はかえってわるかったね。,3
じゃ、元気でね,3
元気でな、またすぐ会おうや,3
おさき～,3
この辺で、失礼。,3
喜んでまた寄らせてもらう。,3
元気で、また会おう。,3
あら、もう帰るの？,3
おかまいできなくて悪かったね,3
酔ってるから、駅まで送るよ。,3
これからも、時々時々来てね。,3
お構いできなくて悪かったね。懲りずにまた来てね。,3
夜道は暗いから、こけないように気を付けてね,3
体を大事にね,3
元気でね。寅さんも元気で。,3
今日はもういいけど、またすぐ来てね,3
全然かまえなくて悪いけど、また来てね,3
これでお別れじゃ、寂しいね。,3
荷物だけど、持ってきて。子供にね。,3
どうも、遅くまで引き留めちゃって悪かったね,3
近くに来た時は、ぜひ寄ってね。,3
もっとゆっくりすればいいのに,3
いい加減、ううんざりしたかもしれないが・・・。,3
君の余り物はいらないよ。,3
辛い仕事を嫌がるなんて思わなかったが・・・。,3
あの人のどこが嫌いなの？,3
そんなに気が進まないならやめておきな。,3
この表紙の案、どうやら著者が気に入らないらしいよ。,3
君は納豆が嫌いなの？,3
そんなに私を嫌うなよ。,3
差し出がましいことを言って、気を悪くしただろうね。,3
しつこいあいつを拒んだなんて、たいしたもんだ。,3
どうして毎回顔をそむけるんだい？,3
忙しいのを苦にする人とは思えないね。,3
あの人を敬遠するなんて、理解できないね。,3
そんなへんな話は、ことわるよ。,3
あの人のずうずうしさには、閉口しただろ。,3
この衣装は誰の見立てなの？,3
その洋服、すごく似合ってるね。,3
今日の式典には礼装で出かけるの？,3
着替えを手伝おうか？,3
そろそろ着替えの時間だ。着替えなさい。,3
涼しそうな色に取り換えたら？,3
お召し替えの手伝いやらなにやらで、今日はすごく忙しかったよ。,3
お腹がきつそうだね。ベルトを緩めたら？,3
ボートに乗る人はライフジャケットを着用して。,3
後ろの席の人もシートベルトを着用して。,3
さすが老舗の女将。和服をうまく着こなしてるね。,3
正装すると、まるで別人だね。,3
これお古だけど使って。,3
学生服もセーターもいつも兄貴のお下がりだった。,3
兄貴からお下がりの学生服に金ボタンだけ付け替えてもらったんだ。,3
いよいよ、一家を構えるんだね。,3
円満な家庭を築くのは大事業だね。,3
先生は悠々自適で暮らしてるよ。,3
この町で暮らして何年になる？,3
暮らし向きは、すごく質素ないえだった。,3
毎日、何をしてるの？,3
独り暮らしにも、慣れたようだね。,3
独り身になって、寂しいだろう。,3
家族が一人増えるの？,3
夫婦二人だったら楽だろう。,3
この時世、倹約が何よりだよ。,3
こっちも、同様の有り様だよ。,3
あの人なら、家計のやりくりも上手にするんじゃないかな。,3
この温泉宿で過ごす気分はどうだい？,3
文筆で生計を立てるのは、容易じゃないだろうね。,3
次期会長を受けるつもりだんだろう？,3
一体どうする積りなんだ？,3
どういうつもりなのか、一度じっくり聞きたいもんだ。,3
この不況時、どんな算段なんだ？,3
片付けは後にして、おしゃべりしよう。,3
常務は売上倍増を掲げたよ。,3
やはり研究者の道へ進むんだね。,3
子どもの頃から夢だった音楽の道に進むんだね。,3
そろそろ進路を決めた方がいいと思うよ。,3
入念な計画を立てたんだから、ぜひ登頂の成功をしたまえ。,3
館長は夜遅くまで博覧会の構想を練っていた。,3
夏休みの旅行の計画は、もう立てた？,3
船旅を計画するなんて、豪勢だね。,3
男性もぜひ、このプロジェクトに参加して。,3
自然エネルギーの事業に参画する人が、急に増えたね。,3
情報を公開するといっても、個人情報の保護が必要だから。,3
結果の公表は、もう少し先の方がいいと思うよ。,3
あの調査結果をもう公表するの？,3
校長を公募するとは、思い切った策だね。,3
委嘱状の交付はもう受けた？,3
新法交付の立役者は君だよ。,3
予算案を、何とか今月中に採択してもらいたいのだが。,3
議長、議案を採択して。,3
ぜひ君に、政務への参与をしてもらいたい。,3
新法の制定には、ずいぶん手間取ってるね。,3
新法を制定する手続きは、もう済んだ？,3
核拡散防止条約を締結したのは、誰だっけ？,3
二国間の環境保護条約を締結する必要があるね。,3
今年の申告は、済んだの？,3
消費税を申告する時期ななんじゃない？,3
社長は取引先が倒産してパニックらしい。,3
奥さんの病気で、相当痛手かと。,3
何か困ったことはない？,3
最終便に乗り遅れたの？大変だったね。,3
何か手を打つべき、このままではお先真っ暗。,3
頑張って来たけど、もう無理、お手上げ。,3
足が不自由で不便ね。,3
一人になって、不便はない？,3
声をかけたの迷惑に感じたら、言ってね。,3
マンション建設で迷惑してるんだって？,3
あなたがそんなに困惑するなんて、以外だった。,3
あなたの突然の辞表に、課長は困り果てているよ。,3
生放送の頃は、ゲストの失言冷や汗モノだったでしょ？,3
お客は接待にいるよ。,3
奥さんは今いる？,3
タイミングよく、大先生は家にいた。,3
先生は今、スタッフルームにいる。,3
その人は、すでに一時間前に来ているよ。,3
まるこさん、残ってきれい片付けて。,3
お通夜の晩、最後まで残っていたの？,3
肝心な時はいつもいないのね、あなた。,3
配達に行ったけど、留守だったので持ち帰った。,3
ご主人は不在？それは残念、出直そう。,3
所在は、いつでもはっきりさせておいてね。,3
奇遇だね。ここにご在職してたの。,3
その学会には、何年くらい在籍したの。,3
福祉団体に十年も在籍していたの。,3
一部リーグのチームに所属、すごいね。,3
お客さんが自分で見つけたいって。,3
これは戦いです。相手の動きをみよう。,3
ついに彼の弱点をみつけたね。,3
未解決事件が多くて心が折れる。,3
この難題を解決出来るのはあの探偵さんだけだ。,3
見事な負けっぷりの要因はどこだとおもう？,3
あなたの思った通り、チームのムードはかなり落ちていた。,3
その推測、間違ってないよ。,3
あなたは推理好きね。,3
いつも革新的方面への目の付けどころがすごい。,3
先生は古い釉薬から釉薬を調べている。,3
表現の追求は苦しくない？,3
白亜紀の恐竜の化石を発見したって？,3
新しい製品だけど、試してみない？,3
この桜、前の社長が創立記念日に植えたんだって。,3
盆栽いじりが好きだった？,3
池をなくして、果樹園にする？,3
そこに灰皿を置くのは危険だから安全な位置に置いて。,3
この種の猫、飼った事ある？,3
このバジルは、バルコニーで摘んだの？,3
庭に石を重ねてどうするの?,3
手植えの桜もだいぶ大きくなったね。,3
庖丁研ぎが得意なんだって？,3
では、シャンパンを開けて。,3
青色の外装にしたんだって？,3
棚にバッグ等乗せてね。,3
障子張り、うまい。,3
今回は珍種の朝顔の種を植えたんだって？,3
大量の薪割り、別荘暮らしも楽じゃなさそうだね。,3
レース編みが趣味なんて素敵。,3
あなたは縫い物がうまくていいね。,3
素敵な色のショール、自分で染めたの？,3
ワイシャツの畳み方がうまい。,3
暖かそうなマフラーは手作り？,3
お手製ウェデングドレスって？素晴らしすぎ。,3
なぜか、娘、縫い物習い始める。,3
染みにならないようにすぐに洗うから脱いで。,3
セーターも自分で洗ってる？,3
今日は天気が良くて久々に洗濯物がよく乾きそうだね。,3
洗濯はコインランドリーで？,3
洗濯物干しはどこ？,3
かつては井戸端でユニホームを濯いでいたらしい。,3
芋掘り？汚れっぷりが半端ないね。,3
毎朝、お香焚きなんて洒落てるわ。,3
そう言う気持ち、私にも痛いほど分かるよ。,3
この際、心を鬼にしな。それが息子さんのためだよ。,3
さすがに他の人とは心構えが違うね。,3
どうか、この事は胸の内にしまって。,3
あの人、禁煙して一年だそうよ、意志が固いわね。,3
今日は機嫌がよさそうだね。,3
気分はどう？／気分を悪くしたんじゃない？,3
父として、息子を思う気持ち、わかるよ。,3
気持ちは、わかるよ。,3
受賞の心境を聞かせてくれない？,3
あなたの真意を計りかねてる。,3
先生は初めてご真情をお話になった。,3
実は、あなたの本意を計りかねてる。,3
どれが本心なのか見当もつかない。,3
あちら立てればこちらが立たずと、よく言うでしょ？,3
たまにはこっちにも来てね。／こっちへどうぞ。,3
そっちはもう桜が咲いた？／近々、そっちへ行くよ。,3
行列ができる鯛焼き屋さんは、どっちだっけ？,3
予算はいくらぐらい？,3
少しだけど、どうぞ受け取って。,3
ちょっと待って。呼んでくる。／お客さんにはちょっと地味じゃない？,3
今回、すごくお世話になって…。,3
ご時世かな、先輩の言うことを聞かないっていうのも。,3
ご時勢に逆らうと、ろくなことがないよ。,3
この間はごめんね。,3
ずいぶん顔を見せなかったね。,3
さっきからの話、一両日考えさせて。,3
今回は、いろいろ心配してもらって…。,3
今朝、あなたの会社の課長がお見えになったよ。,3
お生憎様、そんなに暇じゃないよ。,3
それでは、後がよろしいようで。,3
ご用とお急ぎでない人は、寄って行って。,3
そうら案の定、お出でなすった。,3
見合いしろなんて、大きなお世話だわ。,3
それを言っちゃあ、お終いよ。,3
さあさ、お代は見てのお帰りだよ！,3
さあ、お立合い。取り出しましたるは氷の刃。,3
そんなこと、君にとっちゃ、お茶の子さいさいだろ。,3
とりあえず、お手並み拝見といこう。,3
さあ御大のお出ましだ、頭が高い。,3
さあて、うまくいったらお慰み。,3
そのままじゃあ、おまんまの食い上げだ。,3
そんなことはお安いご用さ。,3
やあ、ご両人、お安くないね。,3
お呼びでない、こりゃまた失礼！,3
今さら悔いても始まらない、とんだお笑いぐさだよ。,3
博打は元がとれりゃあ、御の字だよ。,3
うまく回ったら、ご喝采！,3
ただいま。,3
冗談でしょ、それが本当なら太陽が西から昇るよ。,3
うかつだね、芋の煮えたもご存じないのかい。,3
うるさいな、何だかんだとご託を並べないで。,3
あれ？惚気かな、ご馳走様。,3
何ともご苦労なことだね。,3
ご注進、ご注進って、掛け声だけなんだ、あいつは。,3
ご幣を担ぐのも大概にしろよ。,3
やり方に口を挟まないで、出来上がりで判断して。,3
お世辞はいらないよ。,3
生憎、食事を済ませたばかりでね。,3
保証期間後の交換は、できないよ。,3
どうぞ帰って。マンションの建設には絶対反対だ。,3
せっかくだけど、断るよ。／固く断るよ。,3
行きたくないんだったら、断ればいいのに。,3
残念だけど、力になれないよ、ごめんね。,3
今日のところは、どうか帰って。,3
今回は、役に立てなくて残念だ,3
残念だけど、今回は希望に添えないよ。,3
これからの取引は、できないよ。,3
そういう仕事は、ごめんこうむるよ。,3
その件については、はっきり辞退する。,3
あんないい話を辞退するなんてもったいない！,3
先生は特別扱いを固辞した。,3
お説教はもういいよ。,3
この槍ヶ岳はどの辺から描いたの？,3
この方が表紙の絵を描かれる画伯だよ。,3
先生の作品は、いつも楽しくみせてもらってるよ。,3
この百号は、画伯が一年をかけた労作だよ。,3
春までには、ぐい呑みを作るよ。,3
今度の応援歌、先生が作ったんだってね。,3
街のイラストマップを作ったんだって？,3
ついに、新居がご完成！　おめでとう！,3
ついに、念願の一号機が完成したね。,3
肌つやもぴかぴかで、いい仕上がりだね、先生！,3
写真だけでも見てもらえない？,3
お宮参りの写真を写したんだね。,3
並んでよ。私が撮るよ。,3
桜を追いかけて、撮っているの？,3
小犬にかまれたくらいで訴えるのは、どうかと思うよ。,3
ここまで来たら、会長さんに決めてもらうしかないね。,3
社長、見事な決定だった。,3
決めるのは、あの名判事だね。,3
そんなにもめるんなら、決めたらどう？,3
覚悟はしてます。どうか決めてもらいたい。,3
こじれた仲を裁定するのは、簡単じゃないだろうね。,3
このことは、先生に決めてもらった方がいいんじゃ？,3
皆が納得する公平な処置を、お願いするよ。,3
裁判長の判決は、社会に不満を残したね。,3
合併に関して、社長が最後の決断を下した。,3
何かあったのかな、突然告訴を取り下げるなんて。,3
あの方の無罪は、どこから見てもはっきりしているよ,3
難しいお立場にいるんだね、気の毒に。,3
きつい言葉は、慎んだ方がいいんじゃ？,3
ときには、引く勇気も持たなきゃいけない。,3
少しは常識ってものを、わきまえなよ。,3
今度ばかりは容赦しないよ、覚悟しろよ！,3
ここまできたら、観念することだよ。,3
息子にも、ようやく親としての自覚が出てきたか。,3
一児の親なんだから、自覚しないと。,3
怒りは分かるけど、ここはひとつ、自制しな。,3
この場は自制するのが、大人ってものだよ。,3
そんな分別もつかないようでは困る。,3
過ちをくり返さないように、自戒するべきだ。,3
もう少し、自分の立場を認識してたらどう？,3
課長さんも、今度こそは目が覚めたようだね。,3
あの人には一度、お灸をすえてやった方がいいよ。,3
厳しいお叱り、真面目に受け止めます。,3
叱るのも、愛情だ。,3
今の若い人は、忠告もお説教と受け取るよ。,3
奥様が咎めるのも、もっともだ。,3
役人の居酒屋タクシーをもっと糾弾させるべきだ。,3
皆からの詰問を受けて、正直疲れた。,3
これほど譴責を受けるとは、思いもよらないことだった。,3
久々に叱正され、目が覚めた。,3
またきつい叱責をされちゃった。,3
先生が叱責する声が、びんびんと響いていた。,3
また姉さんから小言を言われちゃった。,3
叱られるのは当然です、申し訳ないです。,3
先生から、きついお目玉をもらった。,3
朝までの勤務とは、大変だね。,3
今日の出勤は、ずいぶんゆっくりだね。,3
日曜日なのに、出勤するの？,3
社長は今日、出社の予定か？,3
課長は出社しているか？,3
ヨーロッパへの出張は、長くなりそうか？,3
お疲れかな、毎日精勤してたから。,3
専務は今日は八時に退社の予定だ。,3
専務はもう退社したのか？,3
このマンションは、ご通勤にも便利な物件だ。,3
社長が始発電車で通勤しているの？　知ってる？,3
札幌への転勤が決まったそうだね,3
転職して落ち着いたら、一報くれ。,3
へえ、お抱えの調理師を雇うなんて、すごいね。,3
あの生命科学の先生を、研究所にお抱えにするようだね。,3
残念だけど、君を雇うことはできない。,3
専属のトレーナーを雇ったんだね。,3
この墓地には、明治のお雇い外国人たちが眠っている。,3
オリンピックの代表選手を、採用の予定なのか？,3
採用するなら、経験者がいいよ。,3
そんなに休んでばかりだと、お払い箱になるよ。,3
この会社の功労者なのに、暇を出したのか？,3
今月いっぱいで、辞めさせてもらいたい。,3
やっとお役御免になって、さっぱりした。,3
とうとう会社を辞めるんだって？,3
オーナー！リーグ優勝を果たした監督を解任すんですか？,3
全員、辞職と聞きましたが、どんな事情があるんですか？,3
大臣、辞職されるには、及ばないよ。,3
すでに聞いていると思いますが・・・。,3
はい、確かに聞いている。,3
あの人なら、顔は知っている。,3
グループに知り合いがいると、心強いね。,3
あの人とは知り合い？,3
私の本心を、本当に知りたいの？,3
すでに聞いていると思うが・・・。,3
寡聞で・・・、その件はまだ知らない。,3
奥さんの性格はあなたもよく知っているはずだが。,3
そのことはとっくに了解ずみのはずだが？,3
姉さんは義兄さんの苦労を知っているはずだ。,3
お得意さんのお嬢さんだということを、知らなかったのか？,3
あの人のことは、よく知っている。,3
そんな事とはぜんぜん知らなかった。,3
総合誌なので、経済の知識がないと困るよ。,3
それでは、私が聞きましょうか？,3
ご質問の件、ただいま調整中です。,3
その件は、あの人へ質問してください。,3
質問時間は十分にありますので、遠慮なく質問してください。,3
市長に、いくつか質問します。,3
質問する人は、挙手してください。,3
お国は？エジプト？,3
子供は？／子供は何人いるんですか？,3
どんな仕事をしているんですか？,3
勤め先はどちらですか？,3
住まいは？／住まいはどちら？,3
この書類に、住所と名前をお願いします。,3
問題がなければ、住所をどうぞ。,3
失礼だと思いますが、年齢は？,3
年齢は？,3
先生の答えは、実に爽やかだった。,3
それでは、質問に答えます。,3
質問に答えてください。,3
連絡の件は、サービスセンターへ問合せしてね,3
明日までにへ返事を頂戴,3
気の無いへんじだね。／前向きな返事を期待しているよ。,3
上の人と相談して早めに返事をするね。,3
焦らさないで、そろそろ返事したら？,3
例のクイズ番組は、見事なご解答だったね。,3
早速、回答、ありがとう。,3
さすがはお客様相談室、実にきめ細かく回答している。,3
先生から嬉しい返事をもらったよ。,3
氷が解けると「水になる」ではなくて「春になる」というのはすごい名答だよね。,3
大臣、その件、答弁してください。,3
はっきりと答弁して。,3
ちょっと聞きたいんだけど、区役所はこの先でよかった？,3
ちょっと聞きたいんだけど、行列のできるたい焼き屋さんはこの辺でよかった？,3
Ｋさんの家を知らない？,3
ちょっと聞きたいことがあるんだけど。,3
隣の引っ越し先を知らない？,3
どこへ行きたいの？,3
そのまま真っすぐ行ってね,3
この通路を、通って。,3
道が分かりにくいので、私が一緒に行きますね。,3
区役所は、交差点を左に曲がり、右側に見える。,3
ゴールデン・ブリッジを渡れば、すぐに見えるよ。,3
信号を渡る時は、よく注意してね。,3
段差あるので、通行に注意してね。,3
シベリヤ鉄道で大陸を横断したんだってね。,3
道に迷った？,3
大僧正は、今、亡くなられたよ。,3
係長は、ニューヨークで死んだよ。,3
先生は、お子さん達に見守られて亡くなったよ。,3
とうとう亡くなったけれど、１００歳まで生きたなら、早すぎるってことはないね。,3
老師は、百歳まで長生きして亡くなったんだよ。,3
先生は、たった今、亡くなられた。,3
穏やかに眠ってるみたいな顔で死んだよ。,3
お父さん、いくつで亡くなったの？,3
大臣は、任期の途中で死んだね。,3
お互い、いつ死んでもおかしくない年だからなあ。,3
さあ、お爺ちゃんに何か言ってやらないと。,3
出棺だよ。手を合わせて見送るんだ。,3
今年の春はぴんぴんしてたのに、コロっといくなんて信じられないよ。,3
勿体ない人が亡くなったもんだ。,3
警部が殉職してもう十年か。,3
明日は、キリスト昇天の日だよ。,3
先代は残念ながら死んでしまった。,3
あの若さで死んでしまうとは残念。,3
この年の瀬の不幸、何かと大変だね。,3
昨日、会長が死んだの。,3
消え入るように死んだ。,3
奥さんが亡くなってもう7年？,3
お母さんを最期を看取ったの？,3
シスターは静かに死んだ。,3
中也さんも惜しまれながら死んでしまった。,3
そろそろ命日じゃない？今年は何回忌？,3
今朝、海岸で死体が見つかったらしい。,3
御忌日には、必ず法華堂へ参拝しているよ。,3
この崖から転落などしたら、ひとたまりもないね。,3
祖母たちは、心から御浄土を信奉していたよ。,3
先生のお言いつけ、必ず守るよ。,3
旦那様は、たくさんの用事を言いつけた。,3
親方の仰せは、道理に適ってたよ。,3
社長から、お供するよう言われてる。,3
何でも言ってね。,3
必ず、言う通りにする。,3
先生の言った通りする。,3
先生に従ってりゃ、間違いはない。,3
幹事長には、選挙の準備を始めるように言ったんだね？,3
商品の偽装は、社長のあんたが命令したんだね？,3
監督、最終回の守りは見事な采配でだった。,3
適切な指示をもらって、恐縮だ。,3
こんなふうに指示したのは、なぜか？,3
オリンピック報道を、指揮するそうだね。,3
祭りを取り仕切るのは、大変だろうね。,3
お仕着せの規則は反発されるだけだよ。,3
そんなルールで縛っても、私は自由にさせてもらう。,3
きつい指示、本当に深く心に感じ入る。,3
あちらだけお咎め無しじゃ、不公平じゃない？,3
何でまた、規則を破ったんだ？,3
自分の健康ぐらい、しっかりと管理しとけよ。,3
謹慎中の身なんだから、外出は控えろよ。,3
先輩は京都の寺にこもって、謹慎するそうだ。,3
法令は厳しくも守れよ。,3
法令を遵守るのが企業の務めだからね。,3
審議はまだ半ばだよ、これからが山場だで。,3
門限破りはご法度でだよ。,3
あなた、私を支配なしようなんてとんでもないことだ。,3
ゴミ屋敷には、どんな法律を適用したんだ？,3
あいつが、ハワイを統治した王様の末か？,3
お待たせ、お昼の支度ができたよ。,3
そろそろ支度したらどう？,3
式のお膳立ては、私たちに任せろ。,3
手配してくれたこと、ありがとう。,3
チケットを手配するなら、早い方がいいよ。,3
手筈は、すべて調えている。,3
パーティーは、私たちが全部整える。,3
結婚式の式服を調えた。,3
娘さんの嫁入り道具は、もう調えましたか？,3
転勤の準備は済んでるか？,3
受験は、早めに準備した方がいいよ。,3
紙と鉛筆を用意しろ。,3
会場には、皆の弁当を用意している。,3
祝いの品は、もう用意したか？,3
普段から万が一に備えているのは、いい心がけだね。,3
それはおめでとう、喜んで参加するよ。,3
何のお構いもできないけど、気軽に出かけてね。,3
全然連絡がないから電話したよ。,3
祝賀の催しは私たちにも声をかけてね。,3
明日の朝、絶対来てね。いいお知らせがあるよ。,3
人気者にはいつも、真っ先に声がかかるんだよ。,3
この次はあなたも誘うね。/来月の会に誘うね。,3
やっぱりあなた、彼女を誘うつもりだね。,3
疲れたでしょ？お茶にしようか。,3
今日は暇？映画でも観ない？,3
今日は誘ってくれてありがとう。,3
来週のパーティーに、あなたを誘いたいんだけど。,3
お呼ばれは何度でもうれしいね。/今日はお呼ばれ？,3
彼をここに呼ぼうか？,3
当直の先生から、呼び出しがあるかもよ。,3
故郷の粗酒だけど、みんなで飲んでね。,3
先生は本当に、お酒が好きなんだねえ。,3
ビールが冷えてるよ。/とりあえずビールだね。,3
今日は特別の日だから、御酒でも飲もう。,3
今日は冷えるから、お湯割りにしよう。,3
私がお燗番をするよ。/お燗がつくまで少し待ってね。,3
そんなに飲んだら体に毒だよ。,3
ご隠居はお酒を飲むとき、とても嬉しそう。,3
今夜も飲んでたんだね。顔が赤いよ。,3
お酒も、嗜む程度ならいいんだけどね。,3
まあそんなに酔って、お冷どうぞ。,3
今日はいつになく酔ってるみたいだね。,3
おっとっと、やっぱり酒は口から迎えに行かなくっちゃ。,3
ママが、お酌をしながらそっと囁いたのには驚いたよ。,3
そろそろお開きにしようか。明日は早いから。,3
お近づきの印に、一杯いかが？,3
出版を記念して、一杯行こうと思う。,3
それじゃあ、相伴させてもらうよ。,3
係長、駆けつけ三杯、注ぐよ。,3
それじゃあ、お流れ頂戴するよ。,3
お流れ頂戴したからご返杯を。,3
先輩から、お杯をもらってしまったわ。,3
お酒は強いほう？,3
ウイスキーには弱いの？,3
手際が悪くて悪いね。/生憎手際が悪くてね。,3
ご愛敬に、一曲唄うね。,3
指名されたから、一曲唄うね。,3
新入社員にお座敷芸を強要するのはひどいよ。,3
先日の宴会はすごい盛り上がったんだってね。,3
その宴会は三日三晩続いたそうだよ。,3
味はどう？ちょっとあなたには物足りないかしら？,3
砂糖はいくつ？,3
お代わりいる？/遠慮なくお代わりしてね。,3
何か嫌いなものある？,3
口直しにシャーベットはどう？,3
口に合うかわからないけど。,3
好きなものをとって食べてね。,3
準備ができたから部屋へどうぞ。,3
松茸ご飯、私が取ろうか？,3
冷たい飲み物でも持ってこようか？,3
何のおもてなしもできないけど。ゆっくりしていってね。,3
うちの店自慢の羊羹だよ。食べてみてね。,3
何もないけどゆっくりしていってね。,3
何もないけど、食べてね。,3
冷めないうちに食べてね。,3
寿司は別腹だから喜んでいただきます。,3
喜んで相伴にあずかるよ。,3
こんなに美味いワインは久しぶりだわ。,3
先輩の手料理、すごく美味しかったよ。,3
心のこもった手料理、堪能したよ。,3
先生が料理を作ってくれるなんてもったいないよ。,3
もう十分食べたよ。お腹いっぱい。ご馳走さま。,3
おもてなし、ありがとう。,3
おもてなししてくれて、ありがとう。,3
ごちそうさま。,3
ごちそうさま、すごく美味しかったよ。,3
悪いね、すっかりごちそうになっちゃって。,3
ごちそうさま、すごく美味しくいただいたよ。,3
いいえ、どういたしまして。,3
簡単なもので悪いね。,3
念のため、ゆっくり数えてみて。,3
私の分も足してね。,3
この前の件の見積もりの用紙を持ってきた。,3
ポスターの印刷費の見積もりをするね。,3
イベントの実行予算の計算は、細かい所まで正確にやってください。,3
研修旅行の費用も、予算内に含めているんだよね？,3
その土地を、もう一度計測したら？,3
今月の経費の集計をしてね。,3
今期の決算の結果はどうだった？/決算は終わった？,3
その新しい事業で、採算が取れるの？,3
算定基準はどこですか。,3
算定するなら、しっかりとした基準が必要だね。,3
去年度の収益はどうだった？,3
オプショナルツアーは別料金だよ。,3
ご名算！と言えば算盤を思いつくね。,3
専務、契約書の草案を作ってくれ。,3
役割分担をした方がよいと思う。,3
初の取引だが、契約するよ。,3
新規の契約をしてくれて、ありがとう。,3
もう少し値引きをしてくれるなら、契約するよ。,3
契約してくれるのは誰ですか。,3
早めに契約解消したのは良い判断だと思う。,3
契約を解除する前に、注意事項をよく読んでくれ。,3
早めに解約した方が良いよ。,3
いま解約するのは損だと思うよ。,3
契約書を書き直してくれ。,3
明日の朝までに修正してくれ。,3
ここを直した方が、ずっと良くなると思うよ。,3
契約書の訂正をする？,3
こことここに捺印してくれ。,3
先生は万葉集の専門家だ。,3
先生は二十世紀最大の数学の難問をついに解いた。,3
万葉の研究をより深めるため、奈良に移るそうだね。,3
金融不安に関しての先生の意見を聞かせてくれ。,3
この句を、そう解釈した理由を教えてくれ。,3
この論文は、今までの研究の成果なんだね。,3
博士は何を研究しているの？,3
江戸文化に関しての先生の考察、よく分かりました。,3
新しく構築されたシステムは、本当に素晴らしい。,3
先生が構築された理論に、誰も意義を唱えることができない。,3
何十年も続けて実験した熱意には、頭が下がる。,3
専門は仏文学なのか、どうりでフランス映画に詳しい訳だ。,3
大学院では日本画を専攻したと聞いてますが。,3
専門は江戸の遊郭史なんだ、面白そうだね。,3
生命科学が、先生の専門分野だ。,3
この件はしばらく考えさせてくれ。,3
今日はこれでこの話を終わろう。,3
もう少しよく考えた方が良いと思うよ。,3
その件に関しては、しばらく考えさせてくれ。,3
もう少し時間をくれないか。,3
どうぞじっくり手にとって見てください。,3
じっくり考えて検討した方が良いと思う。,3
もう少し検討させてくれないか。,3
例の件、なんとか考え直してくれないか。,3
もう一度ゆっくり考え直してくれないか。,3
そこで先生は思案を巡らせた。,3
部長はなにかいいアイデアがないか考え中だ。,3
そうなんだ、念のため聞いておこう。,3
大阪の一件は、棚に上げるつもりなの？,3
先生は返事を先延ばしにした。,3
先生は丸々二時間演説する予定だ。,3
そんな風に公言を恐れているようなこと、有権者は忘れていないよ。,3
大臣は確かに年金は百年安心と言ってた。,3
党の選対から、公認が得られなかったようだね。,3
減税の件は、公約の柱のひとつではなかったかな…。,3
公約として掲げたのだから、責任もって遂行してくれ。,3
遂に出馬することになったんだね。,3
若手は、君が出馬することに期待しているよ。,3
当選確実だ。/当選おめでとう。,3
息子さんが市議議会議員に当選したそうじゃないか。,3
党首は激戦区での遊説に行った。,3
書記長は、全国各地で遊説しているよ。,3
与党は頼りないけど、支持するの？,3
本気で政権を取るつもり？,3
落選したからといって、そんなにがっかりしないで。,3
給料が入り次第、返すね。,3
今年中に何とか、返済してもらいたいんだけど・・・。,3
宝くじを当てて、ローンを一括返済したんだって？,3
困ってそうだから、貸してあげるよ。,3
お金を貸すことは、友人を失くすことだよ。,3
それでは、ありがたく借りるね。,3
ちょっと借りていい？,3
現金はどれだけ必要なの？,3
あの借金を肩代わりするとは、太っ腹だね。,3
漁労長、五万円ほど、融通きかない？,3
ちょっとお金貸してもらってもいい？,3
じゃあ、あなたを信用して、貸してあげる。,3
何度も催促もらって申し訳ないけど、もうちょっと待ってほしい。,3
催促がましくて申し訳ないけど・・・。,3
あの人には、そろそろ催促する方がいいよ。,3
頭、本祭りには多くの寸志をもらって大助かりだよ。,3
お賽銭を盗む奴がいるというのは驚くよね。,3
たくさんの寄付をありがとう。,3
あそこへは相応に寄付したほうがいいよ。,3
先代は社の発展を願って、社殿を寄進した。,3
社長は、感謝の気持ちを込めて、大神輿を寄進した。,3
ご寄贈の品、ありがたく頂くよ。,3
毎年、車椅子を寄贈しているそうだね。,3
盲導犬普及のために寄付してもらってありがとう。,3
神輿改修のため、先生はかなりの額を寄付したらしいよ。,3
あの大臣の凸凹会に献金してるらしいね。,3
会長から多額のご芳志をもらったよ。,3
お客さんへのご報謝を用意しておいてね。,3
毎年、お祭りにはお酒を納めてるらしいね。,3
遺言で、赤十字に募金するんだね？,3
不足分を払ってくれる？,3
ちょっと待って、すぐに払うね。,3
税金を払うなら、この伝票だよ。,3
食事代は部長が払ったよ。,3
現金で払うね。,3
支払窓口は、1番から3番だよ。,3
一年間会費を滞納すると、自動的に除名だよ。,3
月謝忘れてる人いない？,3
今月分の家賃を持ってきたよ。,3
宿泊料のうち、消費税分をサービスしてるよ。,3
このツアーの料金は、一人十万円だよ。,3
息子くんの留学の費用も大変だよね。,3
食べ盛りの子供が大勢で、出費がかさむね。,3
忘年会の予算どのくらい？,3
初めての給料でお母さんにスカーフをプレゼントしたんだって？,3
証券関係の仕事だと、給料もいいんだろうね？,3
先生への車代は、どのくらいにすればいいんだろう？,3
スタッフにまで十分すぎるお心遣い、ありがとう。,3
おこづかいは大事に使わないとだめだよ。,3
留守番を頼んだからお礼払うね。,3
教授がお茶代を払ってくれたよ。,3
子どもの頃、お使い賃を貯めてはプラモデルを買ったものだなあ。,3
みんなへの手当は大丈夫？,3
お年玉はお母さんに預かってもらおうね。「嫌だよ」,3
今日はたくさんお捻りをもらえて、良かったね。,3
大僧正が来てくれたんだから、お布施をはずもう。,3
ご祝儀包んでおいてね。,3
ご収入が急降下、そりゃ大変だ。,3
親方は、報酬より仕事の中身が大事だと言ってるよ。,3
歯が痛むの？/アキレス腱はまだ痛いの？,3
転んで足を痛めたってきいたけど。,3
ひどい転び方、鎖骨でも折ったんじゃない？,3
どうしたのその傷、猫にでも引っかかれたの？,3
怪我の具合はどう、とんだ災難だったね。,3
転んで怪我したの、何か考え事？,3
自転車で転ぶなんて、危ないね！,3
よく転ぶね。上げたつもりの足が上がってない。,3
おできの痕が、今でも背中に残っているんだよ。,3
しばらくお酒のまなければ、出血の心配はないよ。,3
摂生しないと、また胃から出血するかもしれないよ。,3
よく骨折するんだね、今度は肋骨？,3
その病気、失明する心配はないの？,3
初めにきちんと手当しないと、長引くよ。,3
あなた、彼女をとても嬉しそうに介護していたよ。,3
あの店でのコース料理はつまらないよ。,3
白魚のおどりを食べたことがある？,3
あの店の懐石コースもう食べた？,3
さすが京の老舗、とても美味しかった。,3
松坂牛のすき焼きを、味わってね。,3
区切りのいいところで、ご飯を食べない？,3
しばらくは、布団でお粥を食べることだね。,3
エスカルゴ、食べれる？,3
瀬戸内の肴を準備したから食べてみて,3
お坊さんは健康のため、毎日蜂蜜を食べているみたい。,3
野菜を残しちゃダメ。,3
よく混ぜてから食べてね。,3
何を飲む？,3
のどが渇いたから、お水を一杯ください。,3
お水を一杯ください。,3
担当のものは別室にいるので、電話を回すね。,3
今他の電話で話しているよ。,3
ちょっと待ってもらってもいい？,3
わざわざ電話してくれてありがとう。,3
今外出しているよ。,3
良かったら私が用件を聞こうか？,3
ごめん。よく聞こえなくて、もう一度言ってくれない？,3
戻って調べてから、また電話するね。,3
いっつも電話で邪魔しているね。,3
担当者が戻ったら、折り返し電話させるね。,3
伝言を残したいのだけど、メモしてくれる？,3
分かった。じゃあ、電話があったって伝えるね。,3
番号が違うけど、何番にかけたの？,3
電話代わったよ。用事を訊くよう言われたけど。,3
聞きたいことって、何？,3
今はじっと我慢よ。動くときはきっとくる。,3
油絵の個展、したんだって？,3
今は動かない方がいいよ。,3
うん、それで進めてね。,3
このプロジェクトの推進役は、君以外にないよ。,3
会長、開発計画を進めるチャンスだと思うよ。,3
十年先を考えて、するのだね。,3
夜遅くまで研究してた姿を思い出すよ。,3
いよいよ新しい事業を始めるんだね。,3
弓を始めたのは、精神修養の為かい？,3
これも君がしたんだね。,3
ドイツの企業との取引を広げるの？,3
二代目は、オフロードレースへの挑戦を思い立った。,3
とうとう、ストを始めるんだね。,3
それなら、早く動いた方がいいよ。,3
しょうがないね。いつも会計前にいなくなるんだから,3
山に籠るのだね。来季に備えて。,3
部屋に籠って、何を祈っていたの？,3
なんでそんなに私を避けるの。,3
地震の時、どこに逃げてたの？,3
実りのない会議とは、さっさとおさらばしたいよね,3
リハビリ、怠けちゃだめっていわれちゃった,3
釣った魚、逃がすの？優しいね。,3
はよ逃げろ追っ手が来る,3
突然の地震で、命からがら逃げたらしいね。,3
責任から逃げるの？君らしくない。,3
玉突き事故を免除されたんだって。よかったね。,3
ストレスをさけるのが先だよ。,3
不当な退職勧告は、すぐ拒否したほうがいいよ。,3
クラブのホステスと逃げるなんて困った人だね。,3
あの人の祈る姿は凄まじかったよ。,3
幸せを心から祈るよ,3
一心に祈れば、きっといいことがあるよ,3
頼んだこと、宜しくね,3
君が知恵を入れたんだね,3
助けると思って、楽にしてよ,3
神様、一生のお願いだから。絶対当ててね。,3
お不動様お願い。あの子を守って。,3
これって神様の恵みなんじゃない？,3
気休めだけど、馬頭観音に御祈願してみたら？,3
今年も、お不動さんに家内安全を祈るんだね。,3
じゃあ、順に御祈祷をして。,3
機会があるたびに加持祈?するなんて、いい心掛けだね。,3
プロジェクトの成功、祈っているよ。,3
本気にしちゃだめだよ、お愛想だけなんだから、あいつは。,3
そんな歯の浮くようなお世辞は、ごめんだよ。,3
あの人はお節介焼きで有名。,3
そんなお為ごかしは聞きたくない。,3
いつもいつも、お調子者で困ったね。,3
取り巻きのお追従に気づくだろうね、会長は。,3
お追従者は、どこの社会にもいるものだよ。,3
あの人は少しお天気屋なところがあるからね。,3
あのおべっか遣いには本当に困ったもんだ。,3
見え透いたおべんちゃらを言うのはやめろ。,3
あの人は、いつも権力に迎合する、困ったやつだ。,3
君はご機嫌取りが上手だから、よろしく頼むよ。,3
あの評論家のご都合主義には目に余るものがあるね。,3
あの人には、まるで定見がないね。,3
私は説を曲げないよ、たとえ御用学者と呼ばれたって。,3
気が若いなぁ、若い娘を集めて大騒ぎするとはね。,3
あの人は、他人の迷惑なんてお構いなしだよ。,3
嫁さんは口数が多くて、機関銃のようだからね。,3
ちょっと声が高いんじゃない？周りに迷惑だよ。,3
びっくりしたわ、急に叫ぶから。,3
異動の季節、役所の中が何かと騒がしいようだね。,3
そんなに騒ぐようなことではないと思うが・・・。,3
あの三人組のお喋りには、ほとほと参った。,3
みんな賑やかだね。,3
何かいいことがあったんだね、そんなにはしゃいで。,3
あの人は、性格も派手だからね。,3
あの連中のお祭り騒ぎを何とかしてよ。,3
毎度、うるさくて、ごめん。,3
先生も日本の決勝ゴールに歓声をあげていた。,3
あること無いこと吹聴するのはやめろ。,3
これからも変わらず、私たちを援助して。,3
そういう事情なら、私たちが援助するよ。,3
恩を売るというんじゃなく、この際援助したら？,3
今度は、私が君を支える番だから。,3
君がこの老舗を支えてきたんだよ。,3
君を救うには、この方法しかなかったよ。,3
先生の植林技術が、中央アジアの山村を救ったんだ。,3
大恩ある君を助けるのは、当然のことだ。,3
みんなが力を合わせて助けたそうだね。,3
手出しはするな。,3
ゴミ問題解決のため、ここは隣町と協調するべきだ。,3
御社に応援してもらえたら、鬼に金棒だ。,3
今年も、地元のお祭りを後援するんだね。,3
なにとぞ、温かい支援をしてください。,3
今年度も、あのプロジェクトを支援するの？,3
退職後は、悠々自適で畑仕事に汗を流しているそうだね。,3
いよいよ還暦かい。お愉しみはこれからだね。,3
孫の成長が楽しみだね。,3
それでは豪華賞品が当たるビンゴを楽しんでね。,3
沖縄では、スキューバダイビングをする予定なの？,3
慰みに、ジグソーパズルはどう？,3
趣味はバロック音楽の鑑賞なんだってね。,3
市川崑監督のシリーズを、じっくり鑑賞して。,3
中国雑技団の公演、ゆっくり観覧できた？,3
結構な趣味だね、油絵を描くなんて。,3
洋ラン展、堪能した？,3
嫁さんと桜の旅を堪能したんだってね。,3
ウイーンでオペラを満喫だって、優雅なもんだね。,3
信州で夏の休暇を満喫したんだって。,3
最近、碁をやっているんだって。,3
いつまでも両親に依存するのは恥ずかしいぞ。,3
遺言状を弁護士に委託したそうだね。,3
依頼の品を届けに来た。,3
調査を依頼する人は、この書類に記入しなさい。,3
ここは隠居にすがって、相談にのってもらうしかないな。,3
息子のこと、何ぶんよろしく頼む。,3
あんな奴に頼むことはないよ。,3
いつも君に頼るばかりですまない。,3
使い立手して悪いけど、この本を先生に届けてくれ。,3
今回の選挙も、一票のお願いに来た。,3
何とか、力添えを頼みたいが。,3
都知事への請願、どどうだった？,3
荒れた河川敷の改修を区に請願するべきだ。,3
代表監督への就任を、請願したそうだね。,3
そこまで若手に委ねるのは考えものだよ。,3
華奢な身体で、とっても羨ましいな。,3
坊ちゃん、身長がとってもと伸びたね。,3
身長は、百八十センチは超えたかな？,3
ふくよかで、性格も丸い方なんだろうね。,3
心配事が無くなって、ふくよかになったみたいね？,3
結婚してから、太ったよね。幸せ太りかな？,3
少し太ったんじゃない？,3
顧問は、とても福々しい顔をしてるね。,3
まあ、恰幅がいいご主人ね,3
ここのとこ、ちょっと、痩せたんじゃない？,3
痩せたね。ダイエットしたの？,3
奥さんは風邪をひきやすい体質なのね。,3
あそこの長男は、子どもの頃から病弱なのよ。,3
病身なんだから、あんまり無理しない方がいいよ・・・。,3
あの人は、着実に大女優への道を歩んでるね。,3
博士は、その道一筋に歩んだ一生だったね。,3
まずは、経験を積んだ方がいいと思うよ。,3
テープカットは、初めての体験だった？,3
大舞台をふむと、人は変わものね。,3
地域の発展のために、ボランティア活動してるみたい。,3
長年の経験を生かして、これからも活躍してね。,3
何事もまず、実際に経験することね。,3
十五歳での一人旅は、貴重な体験だったね。,3
バンジージャンプを体験するのは、初めて？,3
町会長は、あの大空襲を涙ながらに回顧したのよ。,3
物理学六十年を回顧した文章を、読んだよ。,3
昔、一緒に仕事をしていたこと、記憶にない？,3
お母さんの艶やかな着物姿、息子さんも心に刻むだろうね。,3
会長は、しみじみと幼少の頃を述懐してたよ。,3
体調は最近、どう？,3
今日は顔色があまり良くないね。,3
具合はどう？具合でも悪いの？,3
風邪？咳が出てるね。,3
その後、身体の具合はどう？,3
どうした？具合でも悪いの？,3
みんなの希望の星なのだから、くれぐれも体を大事にしてね。,3
だいぶ疲れているみたいだね。,3
顔色が優れないみたいだけど、どこか悪いの？,3
顔色が優れないようだけど、気分でも悪いの？,3
このところ、体調はよさそうね。,3
声が出にくいのは、病気の微候かもよ。,3
病気と聞いて、駆けつけたのよ。,3
かなり以前から、不調を訴えてたよ。,3
足をどうしたの？歩き方がちょっと・・・,3
少し、遊びが過ぎるんじゃない？,3
そんなに苛めないで、まだ新米なんだから。,3
バカなことをするのも、いい加減にして。,3
私を担ぐなら、もう少しマシな嘘をつきなよ。,3
ひどいわ、からかわないでよ。,3
そんなに絡んだら、可哀そう。,3
本気？戯れないで。,3
惚けるのも、いいかげんにして。,3
あなたは乗せるのが上手いから、まいるわ。,3
お酒の席だからって、ふざけないで。,3
昨夜はかなり乱れたようね。何かあったの？,3
あなたのそんな挑発になんか、乗るもんか。,3
あなたはいつもそんな言い方で挑発するね。,3
二代目は、健康に気をつけなかったので、身体を壊したのよ。,3
羽目を外すのも、程ほどにしてね。,3
あなたって、嘘をつくのが、ほんとに下手ねぇ。,3
そんな噂を流したのは、誰？,3
そろそろ年貢を納めたら？噂よ。,3
誰の噂してたの？あんたの噂するなんてとんでもないよ。,3
あの人は、ほんとに口が軽いんだから。,3
本当にあなたって口が悪い人だよね。,3
あの口振りだと、例の件は無理だね。,3
芝居が上手ね。下手な芝居はやめなよ？,3
またそんな上手ばっかり。話をすりかえるのがうまいね。,3
また私を騙すの？,3
まあ、冗談ばっかり。冗談を。褒めても何も出ないよ。,3
まあ、辛辣だね。けっこう、辛辣だよね。,3
いっつもあなたは、言葉を濁してばっかりなんだから。,3
全然、怒りの口調ではなかったよ。,3
クラス会ではお国言葉が飛び交って、賑やかだったよ。,3
相手しようか？,3
ここくれば？開いてるよ,3
ここに来る？,3
机、こっちの明るい窓際にしようか？,3
ゆっくりしてるところごめんね？,3
私が入ってもいいの？,3
ごめん、邪魔だよね。かわいいからゆるしてくれるよね？,3
お話し中にごめんね。,3
待たせてごめんね。/お待たせ。,3
ごめんね。ちょっと待っててね。,3
相席してもいい？,3
ここ、混ざっていい？,3
ちょっと外すけどいい？,3
そこのソース取ってもらっていい？,3
ごめん、ちょっと席詰めてもらっていい？,3
仲人さんとちゃんと詳しく打ち合わせしたの？,3
明日の事、打ち合わせた？,3
打ち合わせの時間を取ってもらっていい？,3
ちょっと教えてもらいたいことがあるんだけど、そちはいろいろ知ってるから。,3
知ってたら教えて欲しいんだけど,3
このプロジェクト、本社に聞いてみたほうがいいよ。,3
相続はねえ、家族でまずじっくり話してからだよね。,3
リーダー同士で夜更けまで話し合いしてたよ。,3
その件は、十分に話し合ってね。,3
十分話し合ったんだよね。じゃあいいよ、それで。,3
部長はこの商談に乗り気じゃないようだよ,3
今日はずっと相談したいことがあって来た。,3
進路についての相談ならあの先生が良いと思うよ。,3
何かアドバイスはある？,3
今後については二人でしっかり話し合ってね,3
これ、いただいたの。ひとつどうぞ。,3
たいしたものじゃないけど、食べる？,3
お近づきのお印にどうぞ。,3
作ってきたから、みんなで食べてね。,3
これ近所で人気があるんだよね。ひとつあげる。,3
頂き物のおすそ分けあげる。,3
おひとつどうぞ。,3
受け取ってもらえるとうれしいな。,3
記念品、どうぞ受け取って。,3
牡蠣を送ったよ、食べてね。,3
記念誌だよ。ぜひみてね。,3
お礼です。受け取ってね,3
記念に粗品をどうぞ。,3
気持ちばかりだけど、ぜひ受け取ってね。,3
こんなに高価なものをいいの？,3
良いものを送ってくれてありがとう。,3
私にはもったいないと思うけど、ありがたくいただくね。,3
車椅子を送ってくれてありがとう。,3
では、来賓の先生に何か言ってもらおう。,3
じゃあお言葉に甘えていただくね。,3
それじゃあ、お気持ちだけいただいておくね。,3
贈り物もらって、とてもうれしいありがとう。,3
では遠慮なくいただくね。,3
お祝いをありがとう。,3
私はいくつもらえるの？,3
先日はどうもありがとう。,3
おこぼれに預かるとは醜いな。,3
おまけに惹かれて、ついつい買っちゃった。,3
作品が余ったらひとつちょうだい？,3
奥さんの誕生日にダイヤモンドを送ったみたいだね。,3
あの娘に歌舞伎のチケットあげたの？,3
息子さんには、もう十分にあげたんじゃないの？,3
誕生日に私のかいた詩を送るね。,3
プレゼント渡すなら、商品券が一番だと思うよ。,3
誰にプレゼントあげるの？,3
騙されているのも知らず、貢いだのね。,3
お礼、受け取ってね。,3
お礼です、受け取ってね。,3
お返しの品は何にするの？/お返しは遠慮させてもらうね。,3
自作の茶碗だけど、あげるね。,3
当社は毎週最新情報を提供するよ。,3
文化財保護に私財を提供したらしいね。,3
お礼に何かあげたいな。,3
新築のお祝いに掛け軸を送ったの？,3
データベース見る時にここに注意して。,3
式場を下見に行っといた方が良いよ。,3
専務、契約書を一読してください。,3
この町の祭りを見て。,3
前の方で見るなら水しぶきに注意しろよ。,3
初めてならファイルを見ろよ。,3
みんなで資料を見ろよ。,3
他人に見せるようなもんじゃない。,3
お母さんに見せなよ。絶対喜ぶよ。,3
普段見せないんだけど、特別に見せてやるよ。,3
一度観て、それから批判しろよ,3
じゃあ、収支決算書を見なよ。,3
桃山時代の茶碗だけど、皆に見せてやるよ。,3
あんまり詳しく無いんだけど、研究の一部を見せてやるよ。,3
下手な絵だから。見せられないよ。,3
その計画、会長に任せよ。,3
その件、担当課長に任せたら良いだろ。,3
議長に任せればいいんじゃない？,3
息子に会社を託すのか。,3
この件、友達に託したほうが良いよ。,3
板さん、お任せで頼むよ。,3
この件、お前に頼むな。,3
分かった。この場は俺に任せてくれよ。,3
弟に店を譲ったの？,3
社長は思い切って権限を委ねたそうだな。,3
土地建物の権利、長男に譲ったって？,3
その条件だったら、請けるよ。,3
そんなギャラで、よう請けたな。,3
新サービス、四月から扱うよ。,3
この仕事、喜んで引き受けるよ。,3
どどうしたの？,3
待たせてしまってごめんなさい。,3
誰かと待ち合わせ？,3
さっきから先生が待っていますよ。,3
今、審議中なので、少し待ってもらえますか。,3
連絡もらえるまで、ロビーで待っています。,3
すぐに戻ると思うけど、待ってますか？,3
お待たせ。うな丼です。お待たせ。待った？,3
おまたせ。みんな、早いのね。,3
座って待っていて。主人はすぐに来ます。,3
はい、今、届けます。,3
今、取り込んでいるので、少し待ってもらえますか？,3
間に合わなくて、ごめんなさい。,3
遅くなってごめんなさい。酷い渋滞に巻き込まれちゃって。,3
遅くなっちゃって。。。すぐに準備してくるね。,3
今からお店に行ってもいいかな？,3
当店のオーガニック野菜料理を楽しんでね。,3
いつも私たちの店を利用してくれて、ありがとう。,3
あなたの店の心のこもった接客サービスは、とても勉強になります。,3
職人は弱い立場だから、お店には何も言えないよ,3
ご主人はどこで修行したの？,3
ここは気持ちの良い店員さんばかりだね。,3
おかみさん。店を開ける時間ですよ。,3
お店は今日お休みよ。あら残念。今日はお休みなのね。,3
明日は臨時に休ませてもらうね。,3
いつもお店に来てくれて、ありがとう。,3
先輩は毎晩のお得意周りで、注文を取っているんだって。,3
商売ますますご繁盛しているみたいで良かったね。,3
ごめんなさい。今日はもうお終いなの。,3
もうラストオーダー？今日はいつもより早く閉めるのね。,3
沖縄へ転居するの。休暇をもらいにきたの。,3
お母さんを送ったとか、寂しいね。,3
餞別をもらったんだから、お土産は忘れずにね。,3
あら、もうお帰り？名残り惜しいわ。,3
お別れね。これからは自分らしく生きてみたいと思う。,3
卒業式のあと、お別れ会には参加するの？,3
別れても、いい友達でいようね。,3
カサブランカの空港で、別れたの？,3
出発する前に、別れの挨拶をしたいな。,3
息子さんを勘当したの？,3
彼とはこの辺で別れた方がいいんじゃない？,3
それではこの辺で、失礼するわ。,3
離婚して若くなったんじゃない？,3
課長は旦那さんと、大分前に離別してるよ。,3
王女は、目だけで彼に別れを告げたのよ。,3
持っている生地で仕立てることもできるよ。,3
仕立てた服を持ってきたよ。,3
裾の丈は大丈夫？,3
袖口がきつそうだね、直しておくね。,3
洋服の直しもしてるよ。,3
お母さんは裁縫が上手なんだね。,3
サイズを測るよ。,3
約束の日までに、私たちが作るよ。,3
そのシャツ、オーダーメイドしたみたいにぴったりだね。,3
成人式までに衣装を仕立てるね。,3
振り袖を仕立てるなんて豪華だね。,3
ご隠居は着物の丈を少し詰めたそうだね。,3
生地に触ってみて。違いが分かる？,3
新しいスーツがよく似合うね。,3
フレッシュマンスーツを新調するんだね。,3
ここは我慢して、引き下がった方が得だよ。,3
ここは譲ってはどう？,3
それは謙遜だろう？あなたの実力はかなりのものだよ。,3
そんなに謙遜しないで。,3
ここは譲歩した方が、あなたの株が上がるよ。,3
私の失敗だから、処罰は受けるよ。,3
丁寧な挨拶、ありがとう。／わざわざ来てくれて、ありがとう。,3
私たちのために集まってくれて、ありがとう。,3
何度もお願いして、ごめん。,3
わたしがチームリーダーなんてとんでもないよ。,3
失礼だけど、これだけは言わせてくれ。,3
迷惑をかけるかもしれないけど、よろしく。,3
不出来な息子だけど、どうか指導をよろしく。,3
私には、もったいない光栄だ。,3
親切心からいうけど、相手もなかなかの腕だよ。,3
式の日程が決まったら、知らせてね。,3
とにかく、あなたにだけは早く知らせようと思って…。,3
先にご家族に、知らせた方がいいんじゃない？,3
その通知は、まだもらっていない。,3
結果はこっちから知らせるよ。,3
教授は生命研究所の設立を、新聞に発表したよ。,3
出発の日程が決まったら、連絡をちょうだい。,3
怪しい人物を見かけたら通報してね。,3
すぐ警察に通報したの？,3
病床の校長に、真っ先に優勝の報告をしたよ。,3
調査結果を、報告するよ。,3
もし芥川賞が決まったら、真っ先に誰に報告する？,3
折り返し、連絡をちょうだい。,3
調査結果は、一ヶ月以内に連絡する。,3
来月の役員会の予定を、会長に連絡した？,3
これから家に行っても、良い？,3
家に行くのは三年ぶりかな。,3
我が家と思って、気楽に来てね。,3
また来てね。,3
部長は名古屋支社に立ち寄られる予定だよ。,3
旅の途中で寄らせてもらった。,3
新会長が挨拶に来た。,3
突然だけど、行ってもいい？,3
散らかってるけど、来てね。,3